name,type,direction,description
smi_00,string,,Generated compound index 0 sharing the input's 72-bit pharmacophore fingerprint (empty if fewer than 100 were found)
smi_01,string,,Generated compound index 1 sharing the input's 72-bit pharmacophore fingerprint (empty if fewer than 100 were found)
smi_02,string,,Generated compound index 2 sharing the input's 72-bit pharmacophore fingerprint (empty if fewer than 100 were found)
smi_03,string,,Generated compound index 3 sharing the input's 72-bit pharmacophore fingerprint (empty if fewer than 100 were found)
smi_04,string,,Generated compound index 4 sharing the input's 72-bit pharmacophore fingerprint (empty if fewer than 100 were found)
smi_05,string,,Generated compound index 5 sharing the input's 72-bit pharmacophore fingerprint (empty if fewer than 100 were found)
smi_06,string,,Generated compound index 6 sharing the input's 72-bit pharmacophore fingerprint (empty if fewer than 100 were found)
smi_07,string,,Generated compound index 7 sharing the input's 72-bit pharmacophore fingerprint (empty if fewer than 100 were found)
smi_08,string,,Generated compound index 8 sharing the input's 72-bit pharmacophore fingerprint (empty if fewer than 100 were found)
smi_09,string,,Generated compound index 9 sharing the input's 72-bit pharmacophore fingerprint (empty if fewer than 100 were found)
smi_10,string,,Generated compound index 10 sharing the input's 72-bit pharmacophore fingerprint (empty if fewer than 100 were found)
smi_11,string,,Generated compound index 11 sharing the input's 72-bit pharmacophore fingerprint (empty if fewer than 100 were found)
smi_12,string,,Generated compound index 12 sharing the input's 72-bit pharmacophore fingerprint (empty if fewer than 100 were found)
smi_13,string,,Generated compound index 13 sharing the input's 72-bit pharmacophore fingerprint (empty if fewer than 100 were found)
smi_14,string,,Generated compound index 14 sharing the input's 72-bit pharmacophore fingerprint (empty if fewer than 100 were found)
smi_15,string,,Generated compound index 15 sharing the input's 72-bit pharmacophore fingerprint (empty if fewer than 100 were found)
smi_16,string,,Generated compound index 16 sharing the input's 72-bit pharmacophore fingerprint (empty if fewer than 100 were found)
smi_17,string,,Generated compound index 17 sharing the input's 72-bit pharmacophore fingerprint (empty if fewer than 100 were found)
smi_18,string,,Generated compound index 18 sharing the input's 72-bit pharmacophore fingerprint (empty if fewer than 100 were found)
smi_19,string,,Generated compound index 19 sharing the input's 72-bit pharmacophore fingerprint (empty if fewer than 100 were found)
smi_20,string,,Generated compound index 20 sharing the input's 72-bit pharmacophore fingerprint (empty if fewer than 100 were found)
smi_21,string,,Generated compound index 21 sharing the input's 72-bit pharmacophore fingerprint (empty if fewer than 100 were found)
smi_22,string,,Generated compound index 22 sharing the input's 72-bit pharmacophore fingerprint (empty if fewer than 100 were found)
smi_23,string,,Generated compound index 23 sharing the input's 72-bit pharmacophore fingerprint (empty if fewer than 100 were found)
smi_24,string,,Generated compound index 24 sharing the input's 72-bit pharmacophore fingerprint (empty if fewer than 100 were found)
smi_25,string,,Generated compound index 25 sharing the input's 72-bit pharmacophore fingerprint (empty if fewer than 100 were found)
smi_26,string,,Generated compound index 26 sharing the input's 72-bit pharmacophore fingerprint (empty if fewer than 100 were found)
smi_27,string,,Generated compound index 27 sharing the input's 72-bit pharmacophore fingerprint (empty if fewer than 100 were found)
smi_28,string,,Generated compound index 28 sharing the input's 72-bit pharmacophore fingerprint (empty if fewer than 100 were found)
smi_29,string,,Generated compound index 29 sharing the input's 72-bit pharmacophore fingerprint (empty if fewer than 100 were found)
smi_30,string,,Generated compound index 30 sharing the input's 72-bit pharmacophore fingerprint (empty if fewer than 100 were found)
smi_31,string,,Generated compound index 31 sharing the input's 72-bit pharmacophore fingerprint (empty if fewer than 100 were found)
smi_32,string,,Generated compound index 32 sharing the input's 72-bit pharmacophore fingerprint (empty if fewer than 100 were found)
smi_33,string,,Generated compound index 33 sharing the input's 72-bit pharmacophore fingerprint (empty if fewer than 100 were found)
smi_34,string,,Generated compound index 34 sharing the input's 72-bit pharmacophore fingerprint (empty if fewer than 100 were found)
smi_35,string,,Generated compound index 35 sharing the input's 72-bit pharmacophore fingerprint (empty if fewer than 100 were found)
smi_36,string,,Generated compound index 36 sharing the input's 72-bit pharmacophore fingerprint (empty if fewer than 100 were found)
smi_37,string,,Generated compound index 37 sharing the input's 72-bit pharmacophore fingerprint (empty if fewer than 100 were found)
smi_38,string,,Generated compound index 38 sharing the input's 72-bit pharmacophore fingerprint (empty if fewer than 100 were found)
smi_39,string,,Generated compound index 39 sharing the input's 72-bit pharmacophore fingerprint (empty if fewer than 100 were found)
smi_40,string,,Generated compound index 40 sharing the input's 72-bit pharmacophore fingerprint (empty if fewer than 100 were found)
smi_41,string,,Generated compound index 41 sharing the input's 72-bit pharmacophore fingerprint (empty if fewer than 100 were found)
smi_42,string,,Generated compound index 42 sharing the input's 72-bit pharmacophore fingerprint (empty if fewer than 100 were found)
smi_43,string,,Generated compound index 43 sharing the input's 72-bit pharmacophore fingerprint (empty if fewer than 100 were found)
smi_44,string,,Generated compound index 44 sharing the input's 72-bit pharmacophore fingerprint (empty if fewer than 100 were found)
smi_45,string,,Generated compound index 45 sharing the input's 72-bit pharmacophore fingerprint (empty if fewer than 100 were found)
smi_46,string,,Generated compound index 46 sharing the input's 72-bit pharmacophore fingerprint (empty if fewer than 100 were found)
smi_47,string,,Generated compound index 47 sharing the input's 72-bit pharmacophore fingerprint (empty if fewer than 100 were found)
smi_48,string,,Generated compound index 48 sharing the input's 72-bit pharmacophore fingerprint (empty if fewer than 100 were found)
smi_49,string,,Generated compound index 49 sharing the input's 72-bit pharmacophore fingerprint (empty if fewer than 100 were found)
smi_50,string,,Generated compound index 50 sharing the input's 72-bit pharmacophore fingerprint (empty if fewer than 100 were found)
smi_51,string,,Generated compound index 51 sharing the input's 72-bit pharmacophore fingerprint (empty if fewer than 100 were found)
smi_52,string,,Generated compound index 52 sharing the input's 72-bit pharmacophore fingerprint (empty if fewer than 100 were found)
smi_53,string,,Generated compound index 53 sharing the input's 72-bit pharmacophore fingerprint (empty if fewer than 100 were found)
smi_54,string,,Generated compound index 54 sharing the input's 72-bit pharmacophore fingerprint (empty if fewer than 100 were found)
smi_55,string,,Generated compound index 55 sharing the input's 72-bit pharmacophore fingerprint (empty if fewer than 100 were found)
smi_56,string,,Generated compound index 56 sharing the input's 72-bit pharmacophore fingerprint (empty if fewer than 100 were found)
smi_57,string,,Generated compound index 57 sharing the input's 72-bit pharmacophore fingerprint (empty if fewer than 100 were found)
smi_58,string,,Generated compound index 58 sharing the input's 72-bit pharmacophore fingerprint (empty if fewer than 100 were found)
smi_59,string,,Generated compound index 59 sharing the input's 72-bit pharmacophore fingerprint (empty if fewer than 100 were found)
smi_60,string,,Generated compound index 60 sharing the input's 72-bit pharmacophore fingerprint (empty if fewer than 100 were found)
smi_61,string,,Generated compound index 61 sharing the input's 72-bit pharmacophore fingerprint (empty if fewer than 100 were found)
smi_62,string,,Generated compound index 62 sharing the input's 72-bit pharmacophore fingerprint (empty if fewer than 100 were found)
smi_63,string,,Generated compound index 63 sharing the input's 72-bit pharmacophore fingerprint (empty if fewer than 100 were found)
smi_64,string,,Generated compound index 64 sharing the input's 72-bit pharmacophore fingerprint (empty if fewer than 100 were found)
smi_65,string,,Generated compound index 65 sharing the input's 72-bit pharmacophore fingerprint (empty if fewer than 100 were found)
smi_66,string,,Generated compound index 66 sharing the input's 72-bit pharmacophore fingerprint (empty if fewer than 100 were found)
smi_67,string,,Generated compound index 67 sharing the input's 72-bit pharmacophore fingerprint (empty if fewer than 100 were found)
smi_68,string,,Generated compound index 68 sharing the input's 72-bit pharmacophore fingerprint (empty if fewer than 100 were found)
smi_69,string,,Generated compound index 69 sharing the input's 72-bit pharmacophore fingerprint (empty if fewer than 100 were found)
smi_70,string,,Generated compound index 70 sharing the input's 72-bit pharmacophore fingerprint (empty if fewer than 100 were found)
smi_71,string,,Generated compound index 71 sharing the input's 72-bit pharmacophore fingerprint (empty if fewer than 100 were found)
smi_72,string,,Generated compound index 72 sharing the input's 72-bit pharmacophore fingerprint (empty if fewer than 100 were found)
smi_73,string,,Generated compound index 73 sharing the input's 72-bit pharmacophore fingerprint (empty if fewer than 100 were found)
smi_74,string,,Generated compound index 74 sharing the input's 72-bit pharmacophore fingerprint (empty if fewer than 100 were found)
smi_75,string,,Generated compound index 75 sharing the input's 72-bit pharmacophore fingerprint (empty if fewer than 100 were found)
smi_76,string,,Generated compound index 76 sharing the input's 72-bit pharmacophore fingerprint (empty if fewer than 100 were found)
smi_77,string,,Generated compound index 77 sharing the input's 72-bit pharmacophore fingerprint (empty if fewer than 100 were found)
smi_78,string,,Generated compound index 78 sharing the input's 72-bit pharmacophore fingerprint (empty if fewer than 100 were found)
smi_79,string,,Generated compound index 79 sharing the input's 72-bit pharmacophore fingerprint (empty if fewer than 100 were found)
smi_80,string,,Generated compound index 80 sharing the input's 72-bit pharmacophore fingerprint (empty if fewer than 100 were found)
smi_81,string,,Generated compound index 81 sharing the input's 72-bit pharmacophore fingerprint (empty if fewer than 100 were found)
smi_82,string,,Generated compound index 82 sharing the input's 72-bit pharmacophore fingerprint (empty if fewer than 100 were found)
smi_83,string,,Generated compound index 83 sharing the input's 72-bit pharmacophore fingerprint (empty if fewer than 100 were found)
smi_84,string,,Generated compound index 84 sharing the input's 72-bit pharmacophore fingerprint (empty if fewer than 100 were found)
smi_85,string,,Generated compound index 85 sharing the input's 72-bit pharmacophore fingerprint (empty if fewer than 100 were found)
smi_86,string,,Generated compound index 86 sharing the input's 72-bit pharmacophore fingerprint (empty if fewer than 100 were found)
smi_87,string,,Generated compound index 87 sharing the input's 72-bit pharmacophore fingerprint (empty if fewer than 100 were found)
smi_88,string,,Generated compound index 88 sharing the input's 72-bit pharmacophore fingerprint (empty if fewer than 100 were found)
smi_89,string,,Generated compound index 89 sharing the input's 72-bit pharmacophore fingerprint (empty if fewer than 100 were found)
smi_90,string,,Generated compound index 90 sharing the input's 72-bit pharmacophore fingerprint (empty if fewer than 100 were found)
smi_91,string,,Generated compound index 91 sharing the input's 72-bit pharmacophore fingerprint (empty if fewer than 100 were found)
smi_92,string,,Generated compound index 92 sharing the input's 72-bit pharmacophore fingerprint (empty if fewer than 100 were found)
smi_93,string,,Generated compound index 93 sharing the input's 72-bit pharmacophore fingerprint (empty if fewer than 100 were found)
smi_94,string,,Generated compound index 94 sharing the input's 72-bit pharmacophore fingerprint (empty if fewer than 100 were found)
smi_95,string,,Generated compound index 95 sharing the input's 72-bit pharmacophore fingerprint (empty if fewer than 100 were found)
smi_96,string,,Generated compound index 96 sharing the input's 72-bit pharmacophore fingerprint (empty if fewer than 100 were found)
smi_97,string,,Generated compound index 97 sharing the input's 72-bit pharmacophore fingerprint (empty if fewer than 100 were found)
smi_98,string,,Generated compound index 98 sharing the input's 72-bit pharmacophore fingerprint (empty if fewer than 100 were found)
smi_99,string,,Generated compound index 99 sharing the input's 72-bit pharmacophore fingerprint (empty if fewer than 100 were found)
